1.0,0.0,0,1.0,0.0,1.0,0.2684931506849315,1.0,0.2684931506849315,0.7952755905511811,0.2684931506849315,0.0,0.00671221795776466,0.9996041512486447,0.0,0,0,0,0.0,0,0,0,1.0,0.05469513045904842,1.0,0.2684931506849315,0.2684931506849315,0.37538903519272204,0.20350601676617555,0.0,0.0,0.2684931506849315,0.43909269112293475,0.0,0.06011347952767981,1.0,0.2684931506849315,0.2684931506849315,0.37538903519272204,0.20350601676617555,0.0,0.0,0.2684931506849315,0.43909269112293475,0.0,0.0,0.0,0.0
1.0,0.0,0,1.0,1.0,0.0,0.022602739726027398,0.0,0.022602739726027398,1.0,0.022602739726027398,0.0,0.9996041512486447,0.00671221795776466,0.0,0,0,0,0.3333333333333333,0,0,0,0.0,0.06683410073950048,0.08418367346938775,0.2684931506849315,0.14554794520547945,0.20349533157768734,0.20350601676617555,0.05942263476276319,0.0696804714532872,0.20702054794520547,0.13749649957994958,0.1431419457735247,0.06824106732096304,0.08418367346938775,0.2684931506849315,0.14554794520547945,0.20349533157768734,0.20350601676617555,0.05942263476276319,0.0696804714532872,0.20702054794520547,0.13749649957994958,0.1431419457735247,0.006899347738059282,0.02444218111728037,0.0069008327478129695
1.0,0.0,0,1.0,0.0,1.0,0.25,1.0,0.25,0.7952755905511811,0.25,0.0,0.00671221795776466,0.9996041512486447,0.0,0,0,0,0.3333333333333333,0,0,0,1.0,0.1252964978373099,0.08418367346938775,0.2684931506849315,0.25,0.2521746069747024,0.06213949236032444,0.08913395214414478,0.0576302383698577,0.25924657534246576,0.22290674880985717,0.1431419457735247,0.12728109185707714,0.08418367346938775,0.2684931506849315,0.25,0.2521746069747024,0.06213949236032444,0.08913395214414478,0.0576302383698577,0.25924657534246576,0.22290674880985717,0.1431419457735247,0.02930936519915769,0.0793818926525829,0.029312955535538653
1.0,0.0,0,1.0,1.0,0.0,0.022602739726027398,0.0,0.022602739726027398,1.0,0.022602739726027398,0.0,0.9996041512486447,0.00671221795776466,0.0,0,0,0,0.3333333333333333,0,0,0,0.0,0.13743546811776197,0.08418367346938775,0.2684931506849315,0.1363013698630137,0.1970313622216902,0.2053671781666294,0.060144567130676695,0.06473548334775087,0.2546232876712329,0.03696443573228787,0.2701355661881978,0.13540867965036038,0.08418367346938775,0.2684931506849315,0.1363013698630137,0.1970313622216902,0.2053671781666294,0.060144567130676695,0.06473548334775087,0.2546232876712329,0.03696443573228787,0.2701355661881978,0.03497414228754488,0.02005672920020583,0.03497563076958084
1.0,0.0,0,1.0,0.0,1.0,0.0,1.0,0.0,0.7952755905511811,0.0,0.0,0.00671221795776466,0.9996041512486447,0.0,0,0,0,0.3333333333333333,0,0,0,1.0,0.14497000139528393,0.0,0.2684931506849315,0.022602739726027398,0.15762508977735215,0.28530268893451155,0.07078261669959132,0.06643650519031143,0.25,0.03696443573228787,0.2647527910685805,0.1384756939119767,0.0,0.2684931506849315,0.022602739726027398,0.15762508977735215,0.28530268893451155,0.07078261669959132,0.06643650519031143,0.25,0.03696443573228787,0.2647527910685805,0.07081466079237618,0.1269441797811873,0.07081615370715678
1.0,0.0,0,1.0,1.0,0.0,0.18013698630136987,0.0,0.18013698630136987,1.0,0.18013698630136987,0.0,0.9996041512486447,0.00671221795776466,0.0,0,0,0,0.3333333333333333,0,0,0,0.0,0.1892005023022185,0.0,0.2684931506849315,0.10136986301369863,0.17333014124970075,0.23243528905948543,0.07102037632517012,0.05827205882352941,0.23253424657534247,0.03696443573228787,0.24441786283891548,0.18187394571384757,0.0,0.2684931506849315,0.10136986301369863,0.17333014124970075,0.23243528905948543,0.07102037632517012,0.05827205882352941,0.23253424657534247,0.03696443573228787,0.24441786283891548,0.0723033932017233,0.005267711447689604,0.0723034021441853
1.0,0.0,0,1.0,0.0,1.0,0.0,1.0,0.0,0.7952755905511811,0.0,0.0,0.00671221795776466,0.9996041512486447,0.0,0,0,0,0.3333333333333333,0,0,0,1.0,0.19673503557974048,0.0,0.2684931506849315,0.022602739726027398,0.14856869249974336,0.2862937484859038,0.0788587628979985,0.05862297860320589,0.21506849315068494,0.018482217866143937,0.2372408293460925,0.1849409599754639,0.0,0.2684931506849315,0.022602739726027398,0.14856869249974336,0.2862937484859038,0.0788587628979985,0.05862297860320589,0.21506849315068494,0.018482217866143937,0.2372408293460925,0.08730561572572397,0.05314189966159603,0.08730711068010105
1.0,0.0,0,1.0,0.0,1.0,0.022602739726027398,1.0,0.022602739726027398,0.7952755905511811,0.022602739726027398,0.0,0.00671221795776466,0.9996041512486447,0.0,0,0,0,0.3333333333333333,0,0,0,1.0,0.20887400586019256,0.0,0.2684931506849315,0.022602739726027398,0.13394780943260715,0.33098110686182386,0.09242011831065895,0.05482398221237024,0.1976027397260274,0.027723326799215905,0.2103269537480064,0.19306854776874713,0.0,0.2684931506849315,0.022602739726027398,0.13394780943260715,0.33098110686182386,0.09242011831065895,0.05482398221237024,0.1976027397260274,0.027723326799215905,0.2103269537480064,0.08999280431572852,0.009514297291673452,0.08999331016482674
0.0,1.0,0,0.0,0.5,0.0,0.024657534246575342,0.9999999672551152,0.024657534246575342,1.0,0.024657534246575342,1.0,0.3198630019104005,0.0,0.5,0,0,0,0.6666666666666666,0,0,0,1.0,0.22143156132272918,0.0,0.2684931506849315,0.022602739726027398,0.12289521985475987,0.3687380598552931,0.1086172232298019,0.05103710111495588,0.18013698630136987,0.03696443573228787,0.18341307814992025,0.2016561877012728,0.0,0.2684931506849315,0.022602739726027398,0.12289521985475987,0.3687380598552931,0.1086172232298019,0.05103710111495588,0.18013698630136987,0.03696443573228787,0.18341307814992025,0.10966381139738011,0.06966740042273098,0.10966271184323458
1.0,0.0,0,1.0,0.0,1.0,0.26986301369863014,1.0,0.26986301369863014,0.7952755905511811,0.26986301369863014,0.0,0.00671221795776466,0.9996041512486447,0.5,0,0,0,0.6666666666666666,0,0,0,1.0,0.2839402818473559,0.0,0.26986301369863014,0.02363013698630137,0.14833612640651186,0.30587360540005154,0.082170108897338,0.05967060986159169,0.23253424657534247,0.03696443573228787,0.24441786283891548,0.26514338291673056,0.0,0.26986301369863014,0.02363013698630137,0.14833612640651186,0.30587360540005154,0.082170108897338,0.05967060986159169,0.23253424657534247,0.03696443573228787,0.24441786283891548,0.11231983270590627,0.00941266660095704,0.11232021763670096
1.0,0.0,0,1.0,1.0,0.0,0.0,0.0,0.0,1.0,0.0,0.0,0.9996041512486447,0.00671221795776466,0.5,0,0,0,0.6666666666666666,0,0,0,1.0,0.29147481512487794,0.0,0.26986301369863014,0.022602739726027398,0.13485102400592006,0.3363409705781414,0.09249909078928105,0.05853445194314965,0.21506849315068494,0.018482217866143937,0.2372408293460925,0.2682103971783469,0.0,0.26986301369863014,0.022602739726027398,0.13485102400592006,0.3363409705781414,0.09249909078928105,0.05853445194314965,0.21506849315068494,0.018482217866143937,0.2372408293460925,0.11377232696655033,0.005144615654192725,0.11377271207698869
1.0,0.0,0,1.0,1.0,0.0,0.022602739726027398,0.0,0.022602739726027398,1.0,0.022602739726027398,0.0,0.9996041512486447,0.00671221795776466,0.5,0,0,0,0.6666666666666666,0,0,0,1.0,0.30361378540532996,0.0,0.26986301369863014,0.022602739726027398,0.1262469076689806,0.36429838826911554,0.10444269002588254,0.055577001633987023,0.1976027397260274,0.027723326799215905,0.2103269537480064,0.2763379849716301,0.0,0.26986301369863014,0.022602739726027398,0.1262469076689806,0.36429838826911554,0.10444269002588254,0.055577001633987023,0.1976027397260274,0.027723326799215905,0.2103269537480064,0.11502767580387468,0.004453789795314757,0.11503016362453738
1.0,0.0,0,1.0,1.0,0.0,0.022602739726027398,0.0,0.022602739726027398,1.0,0.022602739726027398,0.0,0.9996041512486447,0.00671221795776466,0.5,0,0,0,0.6666666666666666,0,0,0,0.0,0.31575275568578204,0.0,0.26986301369863014,0.022602739726027398,0.11896650153772469,0.38962581146145986,0.11724229227569853,0.05280182121578179,0.18013698630136987,0.03696443573228787,0.18341307814992025,0.28446557276491335,0.0,0.26986301369863014,0.022602739726027398,0.11896650153772469,0.38962581146145986,0.11724229227569853,0.05280182121578179,0.18013698630136987,0.03696443573228787,0.18341307814992025,0.12387238136087729,0.031323717843414235,0.12387388083782082
1.0,0.0,0,1.0,0.0,1.0,0.0,1.0,0.0,0.7952755905511811,0.0,0.0,0.00671221795776466,0.9996041512486447,0.5,0,0,0,0.6666666666666666,0,0,0,1.0,0.32328728896330405,0.0,0.26986301369863014,0.022602739726027398,0.11046889428503041,0.4119448880018537,0.13019584187462777,0.05124400863286484,0.14126712328767124,0.009241108933071968,0.15789473684210525,0.2875325870265297,0.0,0.26986301369863014,0.022602739726027398,0.11046889428503041,0.4119448880018537,0.13019584187462777,0.05124400863286484,0.14126712328767124,0.009241108933071968,0.15789473684210525,0.13885382569722568,0.05306874308681307,0.13885693486321812
0.0,1.0,0,0.0,0.0,0.5,0.057534246575342465,1.0,0.057534246575342465,0.0,0.057534246575342465,1.0,0.0,0.3198630019104005,1.0,0,0,0,0.6666666666666666,0,0,0,1.0,0.34254220733919355,0.0,0.26986301369863014,0.022602739726027398,0.1084670018354484,0.4268374385283366,0.14231544235807975,0.04796005382545178,0.11883561643835616,0.018482217866143937,0.1251993620414673,0.3034810611869345,0.0,0.26986301369863014,0.022602739726027398,0.1084670018354484,0.4268374385283366,0.14231544235807975,0.04796005382545178,0.11883561643835616,0.018482217866143937,0.1251993620414673,0.1447261373027587,0.020797056214475668,0.14472862879651804
1.0,0.0,0,1.0,1.0,0.0,0.005479452054794521,0.0023532981768165182,0.005479452054794521,1.0,0.005479452054794521,0.0,0.9999827891847237,0.00671221795776466,1.0,0,0,0,1.0,0,0,0,0.0,0.351192967768941,0.0,0.26986301369863014,0.022602739726027398,0.10216662676562126,0.44655480216891824,0.1557379972232546,0.046366705976967994,0.08818493150684932,0.006720806496779613,0.09788676236044658,0.30777488115319734,0.0,0.26986301369863014,0.022602739726027398,0.10216662676562126,0.44655480216891824,0.1557379972232546,0.046366705976967994,0.08818493150684932,0.006720806496779613,0.09788676236044658,0.14724722407123356,0.008927730503444198,0.14724922115798544
1.0,0.0,0,1.0,0.0,1.0,0.005479452054794521,1.0,0.005479452054794521,0.7795275590551181,0.005479452054794521,0.0,0.00671221795776466,0.9999827891847237,1.0,0,0,0,1.0,0,0,0,1.0,0.35984372819868843,0.0,0.26986301369863014,0.022602739726027398,0.0966074722922442,0.46515743979933083,0.16945236410543363,0.0448053333892074,0.057534246575342465,0.008961075329039486,0.06060606060606061,0.3120687011194602,0.0,0.26986301369863014,0.022602739726027398,0.09660747229224419,0.46515743979933083,0.16945236410543363,0.0448053333892074,0.057534246575342465,0.008961075329039486,0.06060606060606061,0.16308985007795532,0.056109778668506506,0.163090859686489
1.0,0.0,0,1.0,1.0,0.0,0.0,0.0023532981768165182,0.0,1.0,0.0,0.0,0.9999827891847237,0.00671221795776466,1.0,0,0,0,1.0,0,0,0,0.0,0.3673782614762104,0.0,0.26986301369863014,0.022602739726027398,0.09124039049823127,0.4822185342087967,0.18313382411920837,0.04347097403776319,0.049315068493150684,0.0022402688322598714,0.05582137161084529,0.31513571538107654,0.0,0.26986301369863014,0.022602739726027398,0.09124039049823127,0.4822185342087967,0.18313382411920837,0.04347097403776319,0.049315068493150684,0.0022402688322598714,0.05582137161084529,0.16709979293546567,0.014195441951133984,0.16709870048498487
1.0,0.0,0,1.0,1.0,0.0,0.12534246575342467,0.0023532981768165182,0.12534246575342467,1.0,0.12534246575342467,0.0,0.9999827891847237,0.00671221795776466,1.0,0,0,0,1.0,0,0,0,0.0,0.4004464908608902,0.0,0.26986301369863014,0.022602739726027398,0.09566170633670577,0.46380246809903064,0.1758055200740421,0.04201281522874762,0.09143835616438356,0.004480537664519743,0.1032695374800638,0.3462659101364821,0.0,0.26986301369863014,0.022602739726027398,0.09566170633670577,0.46380246809903064,0.1758055200740421,0.04201281522874762,0.09143835616438356,0.004480537664519743,0.1032695374800638,0.16709979293546567,0.0,0.16709870048498487
1.0,0.0,0,1.0,0.0,1.0,0.0,1.0,0.0,0.7874015748031497,0.0,0.0,0.00671221795776466,0.9999827891847237,1.0,0,0,0,1.0,0,0,0,0.0,0.40798102413841214,0.0,0.26986301369863014,0.022602739726027398,0.09087862101987072,0.4789290407840783,0.18790646930174085,0.040937262110726645,0.07448630136986302,0.0,0.0867224880382775,0.34933292439809843,0.0,0.26986301369863014,0.022602739726027398,0.09087862101987072,0.4789290407840783,0.18790646930174085,0.040937262110726645,0.07448630136986302,0.0,0.0867224880382775,0.1823199390704383,0.05392165237485076,0.18232255889349158
1.0,0.0,0,1.0,0.0,1.0,0.0684931506849315,1.0,0.0684931506849315,0.7874015748031497,0.0684931506849315,0.0,0.00671221795776466,0.9999827891847237,1.0,0,0,0,1.0,0,0,0,0.0,0.013952839402818473,0.25510204081632654,0.0684931506849315,0.0684931506849315,0.09576250897773522,0.20350601676617555,0.0,0.0,0.0684931506849315,0.11201344161299356,0.0,0.015335071308081583,0.25510204081632654,0.0684931506849315,0.0684931506849315,0.09576250897773522,0.20350601676617555,0.0,0.0,0.0684931506849315,0.11201344161299356,0.0,0.1823511063519167,9.725005749581112e-05,0.1823500157877139
1.0,0.0,0,1.0,0.0,1.0,1.0,1.0,1.0,0.7874015748031497,1.0,0.0,0.00671221795776466,0.9999827891847237,1.0,0,0,0,1.0,0,0,0,0.0,0.22519882796149016,0.25510204081632654,1.0,0.5342465753424658,0.7469475700263347,0.20350601676617555,0.05942263476276319,1.0,0.7671232876712328,0.49285914309717166,0.5422647527910686,0.242294126667689,0.25510204081632654,1.0,0.5342465753424658,0.7469475700263347,0.20350601676617555,0.05942263476276319,1.0,0.7671232876712328,0.49285914309717166,0.5422647527910686,0.18255344632214948,0.0007328799377949829,0.18255693193200906
1.0,0.0,0,1.0,0.0,1.0,1.0,1.0,1.0,0.7874015748031497,1.0,0.0,0.00671221795776466,0.9999827891847237,1.0,0,0,0,1.0,0,0,0,0.0,0.43644481652016187,0.25510204081632654,1.0,1.0,0.9640092570425376,0.0591840237550879,0.08913395214414478,0.8888888888888884,1.0,0.8737048445813498,0.5422647527910686,0.46925318202729643,0.25510204081632654,1.0,1.0,0.9640092570425376,0.0591840237550879,0.08913395214414478,0.8888888888888884,1.0,0.8737048445813498,0.5422647527910686,0.1825792953770264,9.19932976311726e-05,0.18258290466978652
1.0,0.0,0,1.0,0.0,1.0,0.7924657534246575,1.0,0.7924657534246575,0.7874015748031497,0.7924657534246575,0.0,0.00671221795776466,0.9999827891847237,1.0,0,0,0,1.0,0,0,0,0.0,0.6054137016882936,0.25510204081632654,1.0,0.8962328767123288,1.0,0.0,0.1300424397783577,0.6758308553200693,1.0,1.0,0.4523524720893142,0.6497469713234166,0.25510204081632654,1.0,0.8962328767123288,1.0,0.0,0.1300424397783577,0.6758308553200693,1.0,1.0,0.4523524720893142,0.18273500810472998,0.0005440746459900036,0.18273651486178558
1.0,0.0,0,1.0,0.0,1.0,0.23150684931506849,1.0,0.23150684931506849,0.7874015748031497,0.23150684931506849,0.0,0.00671221795776466,0.9999827891847237,1.0,0,0,0,1.0,0,0,0,0.0,0.660108832147342,0.25510204081632654,1.0,0.7924657534246575,0.864735456068949,0.1310621095254398,0.07804930962895702,0.7132560553633217,1.0,0.3786054326519182,0.8947368421052632,0.7046465266063487,0.25510204081632654,1.0,0.7924657534246575,0.864735456068949,0.1310621095254398,0.07804930962895702,0.7132560553633217,1.0,0.3786054326519182,0.8947368421052632,0.1827608571596069,8.629847444448098e-05,0.18276087976341507
1.0,0.0,0,1.0,0.0,1.0,0.0061643835616438354,1.0,0.0061643835616438354,0.7874015748031497,0.0061643835616438354,0.0,0.00671221795776466,0.9999827891847237,1.0,0,0,0,1.0,0,0,0,0.0,0.6688991209711176,0.02295918367346939,1.0,0.511986301369863,0.7220493176921235,0.20407817613843304,0.06946304091535864,0.8344427623990766,0.9481164383561644,0.17866143937272472,0.9766746411483254,0.7090936972856924,0.02295918367346939,1.0,0.511986301369863,0.7220493176921235,0.20407817613843304,0.06946304091535864,0.8344427623990766,0.9481164383561644,0.17866143937272472,0.9766746411483254,0.1827764408003461,5.870048515512926e-05,0.1827774528437115
1.0,0.0,0,1.0,1.0,0.0,0.0,0.0023532981768165182,0.0,1.0,0.0,0.0,0.9999827891847237,0.00671221795776466,1.0,0,0,0,1.0,0,0,0,0.0,0.6764336542486395,0.0,1.0,0.23150684931506849,0.6188994151646771,0.25987300817518405,0.07321818522498215,0.8657864027964122,0.8962328767123288,0.06104732567908149,1.0,0.7121607115473086,0.0,1.0,0.23150684931506849,0.6188994151646771,0.25987300817518405,0.07321818522498215,0.8657864027964122,0.8962328767123288,0.06104732567908149,1.0,0.1869835290811762,0.014902914216249867,0.1869850363636877
1.0,0.0,0,1.0,1.0,0.0,0.0,0.0023532981768165182,0.0,1.0,0.0,0.0,0.9999827891847237,0.00671221795776466,1.0,0,0,0,1.0,0,0,0,0.0,0.6839681875261616,0.0,1.0,0.15,0.5415369882690927,0.30504452751359135,0.08303662437039794,0.856361375432526,0.8443493150684932,0.007560907308877065,0.9776714513556619,0.715227725808925,0.0,1.0,0.15,0.5415369882690927,0.30504452751359135,0.08303662437039794,0.856361375432526,0.8443493150684932,0.007560907308877065,0.9776714513556619,0.19120100645583238,0.014934016712115621,0.19120140114262674
1.0,0.0,0,1.0,1.0,0.0,0.0,0.0023532981768165182,0.0,1.0,0.0,0.0,0.9999827891847237,0.00671221795776466,1.0,0,0,0,1.0,0,0,0,0.0,0.6915027208036836,0.0,1.0,0.0684931506849315,0.4813662117947493,0.3432494152676392,0.09608919506610901,0.8295150903498659,0.7924657534246575,0.0,0.9226475279106858,0.7182947400705413,0.0,1.0,0.0684931506849315,0.4813662117947493,0.3432494152676392,0.09608919506610901,0.8295150903498659,0.7924657534246575,0.0,0.9226475279106858,0.19120100645583238,0.0,0.19120140114262674
1.0,0.0,0,1.0,1.0,0.0,0.05136986301369863,0.0023532981768165182,0.05136986301369863,1.0,0.05136986301369863,0.0,0.9999827891847237,0.00671221795776466,1.0,0,0,0,1.0,0,0,0,0.0,0.7095018836333193,0.0,1.0,0.059931506849315065,0.4404117787886042,0.3771437810610875,0.11136344454265049,0.7821623918685121,0.6522260273972603,0.002520302436292355,0.7575757575757576,0.7328630578132188,0.0,1.0,0.059931506849315065,0.4404117787886042,0.3771437810610875,0.11136344454265049,0.7821623918685121,0.6522260273972603,0.002520302436292355,0.7575757575757576,0.46523079495614444,0.9705858001774167,0.4652297393784179
1.0,0.0,0,1.0,0.0,1.0,0.0,1.0,0.0,0.7874015748031497,0.0,0.0,0.00671221795776466,0.9999827891847237,1.0,0,0,0,1.0,0,0,0,0.0,0.7170364169108413,0.0,1.0,0.05136986301369863,0.4003743443532765,0.4067243429401268,0.12747310010009152,0.7488594898338539,0.511986301369863,0.0,0.5960925039872408,0.7359300720748352,0.0,1.0,0.05136986301369863,0.4003743443532765,0.4067243429401268,0.12747310010009152,0.7488594898338539,0.511986301369863,0.0,0.5960925039872408,0.4803834119812472,0.05368071754772143,0.48038557394988834
1.0,0.0,0,1.0,1.0,0.0,0.03493150684931507,0.0023532981768165182,0.03493150684931507,1.0,0.03493150684931507,0.0,0.9999827891847237,0.00671221795776466,1.0,0,0,0,1.0,0,0,0,0.0,0.7316868982838007,0.0,1.0,0.04315068493150685,0.371079722288724,0.43410522809738805,0.14463182289510151,0.7087162990196085,0.37174657534246575,0.0,0.4328149920255183,0.7468179727035731,0.0,1.0,0.04315068493150685,0.371079722288724,0.43410522809738805,0.14463182289510151,0.7087162990196085,0.37174657534246575,0.0,0.4328149920255183,0.4894772084307002,0.03221605283043664,0.48948122671961486
1.0,0.0,0,1.0,0.0,1.0,0.0,1.0,0.0,0.7874015748031497,0.0,0.0,0.00671221795776466,0.9999827891847237,1.0,0,0,0,1.0,0,0,0,0.0,0.7392214315613227,0.0,1.0,0.03493150684931507,0.3425351282665147,0.4588015670223634,0.16207214552544677,0.677257580721116,0.23150684931506849,0.0,0.26953748006379585,0.7498849869651893,0.0,1.0,0.03493150684931507,0.3425351282665147,0.4588015670223634,0.16207214552544677,0.677257580721116,0.23150684931506849,0.0,0.26953748006379585,0.5046038527212376,0.053574268160462464,0.5046070071230848
1.0,0.0,0,1.0,0.0,1.0,0.08150684931506849,1.0,0.08150684931506849,0.7874015748031497,0.08150684931506849,0.0,0.00671221795776466,0.9999827891847237,1.0,0,0,0,1.0,0,0,0,0.0,0.7633598437281987,0.0,1.0,0.04315068493150685,0.32620814665344217,0.4813579655298812,0.18006137639939807,0.637054376897818,0.19400684931506848,0.0,0.22587719298245615,0.7712007360834228,0.0,1.0,0.04315068493150685,0.32620814665344217,0.4813579655298812,0.18006137639939807,0.637054376897818,0.19400684931506848,0.0,0.22587719298245615,0.504635020002716,0.00010119262739428983,0.5046355771346405
1.0,0.0,0,1.0,0.0,1.0,0.03493150684931507,1.0,0.03493150684931507,0.7874015748031497,0.03493150684931507,0.0,0.00671221795776466,0.9999827891847237,1.0,0,0,0,1.0,0,0,0,0.0,0.7780103251011581,0.0,1.0,0.03493150684931507,0.30771686218178884,0.5032275069523962,0.19841489979202215,0.6058730296039987,0.1565068493150685,0.0,0.18221690590111642,0.7820886367121607,0.0,1.0,0.03493150684931507,0.30771686218178884,0.5032275069523962,0.19841489979202215,0.6058730296039987,0.1565068493150685,0.0,0.18221690590111642,0.5046506036434552,6.045273844334197e-05,0.5046526449337515
1.0,0.0,0,1.0,1.0,0.0,0.0,0.0023532981768165182,0.0,1.0,0.0,0.0,0.9999827891847237,0.00671221795776466,1.0,0,0,0,1.0,0,0,0,0.0,0.78554485837868,0.0,1.0,0.03493150684931507,0.28848455829542735,0.5233573917574943,0.2166637693898455,0.5810901005622837,0.1190068493150685,0.0,0.1385566188197767,0.785155650973777,0.0,1.0,0.03493150684931507,0.28848455829542735,0.5233573917574943,0.2166637693898455,0.5810901005622837,0.1190068493150685,0.0,0.1385566188197767,0.5083752174598122,0.013190524690343907,0.5083767644919527
1.0,0.0,0,1.0,1.0,0.0,0.13082191780821917,0.0023532981768165182,0.13082191780821917,1.0,0.13082191780821917,0.0,0.9999827891847237,0.00671221795776466,1.0,0,0,0,1.0,0,0,0,0.0,0.8197293149155853,0.0,1.0,0.03493150684931507,0.28227407793378306,0.5396500440642581,0.2339755519395175,0.5483636600375952,0.13082191780821917,0.0,0.15231259968102073,0.8175126514338291,0.0,1.0,0.03493150684931507,0.28227407793378306,0.5396500440642581,0.2339755519395175,0.5483636600375952,0.13082191780821917,0.0,0.15231259968102073,0.5086397683133133,0.0009427122690583783,0.5086429232143213
1.0,0.0,0,1.0,0.0,1.0,0.0,1.0,0.0,0.7874015748031497,0.0,0.0,0.00671221795776466,0.9999827891847237,1.0,0,0,0,1.0,0,0,0,0.0,0.8272638481931073,0.0,1.0,0.03493150684931507,0.26659218471523966,0.5576445391136428,0.2522672689925351,0.5277581071916781,0.1184931506849315,0.0,0.1379585326953748,0.8205796656954455,0.0,1.0,0.03493150684931507,0.26659218471523966,0.5576445391136428,0.2522672689925351,0.5277581071916781,0.1184931506849315,0.0,0.1379585326953748,0.552588356150999,0.15565265959194396,0.5525887955340754
1.0,0.0,0,1.0,1.0,0.0,0.773972602739726,0.0023532981768165182,0.773972602739726,1.0,0.773972602739726,0.0,0.9999827891847237,0.00671221795776466,1.0,0,0,0,1.0,0,0,0,0.0,0.992465466722478,0.0,1.0,0.03493150684931507,0.30951450928014274,0.49086879008991685,0.19044221434691663,0.5781855716052098,0.18116438356164383,0.0,0.2109250398724083,0.9969329857383837,0.0,1.0,0.03493150684931507,0.30951450928014274,0.49086879008991685,0.19044221434691663,0.5781855716052098,0.18116438356164383,0.0,0.2109250398724083,0.5542586503429267,0.005919987734226958,0.5542602030499186
1.0,0.0,0,1.0,0.0,1.0,0.0,1.0,0.0,0.7874015748031497,0.0,0.0,0.00671221795776466,0.9999827891847237,1.0,0,0,0,1.0,0,0,0,0.0,1.0,0.0,1.0,0.03493150684931507,0.294038783816136,0.5067373514305153,0.2041948615836711,0.56000745566609,0.1559931506849315,0.0,0.1816188197767145,1.0,0.0,1.0,0.03493150684931507,0.294038783816136,0.5067373514305153,0.2041948615836711,0.56000745566609,0.1559931506849315,0.0,0.1816188197767145,0.5695721746426461,0.054237496030051076,0.569573234524794
1.0,0.0,0,1.0,0.0,1.0,0.13013698630136986,1.0,0.13013698630136986,0.7874015748031497,0.13013698630136986,0.0,0.00671221795776466,0.9999827891847237,1.0,0,0,0,1.0,0,0,0,0.0,0.0265103948653551,0.4846938775510204,0.13013698630136986,0.13013698630136986,0.18194876705769691,0.20350601676617555,0.0,0.0,0.13013698630136986,0.21282553906468776,0.0,0.029136635485355007,0.4846938775510204,0.13013698630136986,0.13013698630136986,0.18194876705769691,0.20350601676617555,0.0,0.0,0.13013698630136986,0.21282553906468776,0.0,0.5704073835784541,0.0029560512972149336,0.5704078251653832
1.0,0.0,0,1.0,1.0,0.0,0.021232876712328767,0.0023532981768165182,0.021232876712328767,1.0,0.021232876712328767,0.0,0.9999827891847237,0.00671221795776466,1.0,0,0,0,1.0,0,0,0,0.0,0.0383703083577508,0.07908163265306123,0.13013698630136986,0.07568493150684931,0.10581757242039741,0.20350601676617555,0.05942263476276319,0.013668360726643599,0.10291095890410959,0.07924950994119294,0.06339712918660287,0.03695752185247662,0.07908163265306123,0.13013698630136986,0.07568493150684931,0.10581757242039741,0.20350601676617555,0.05942263476276319,0.013668360726643599,0.10291095890410959,0.07924950994119294,0.06339712918660287,0.5734213339052282,0.010680859918301018,0.5734233837010678
1.0,0.0,0,1.0,1.0,0.0,0.0,0.0023532981768165182,0.0,1.0,0.0,0.0,0.9999827891847237,0.00671221795776466,1.0,0,0,0,1.0,0,0,0,0.0,0.04590484163527278,0.0,0.13013698630136986,0.021232876712328767,0.07054504828026525,0.332956623267043,0.08913395214414478,0.014980296039984622,0.07568493150684931,0.017362083450014002,0.07575757575757576,0.04002453611409293,0.0,0.13013698630136986,0.021232876712328767,0.07054504828026498,0.332956623267043,0.08913395214414478,0.014980296039984622,0.07568493150684931,0.017362083450014002,0.07575757575757576,0.5734213339052282,0.0,0.5734233837010678
1.0,0.0,0,1.0,1.0,0.0,0.005479452054794521,0.0023532981768165182,0.005479452054794521,1.0,0.005479452054794521,0.0,1.0,0.00671221795776466,1.0,0,0,0,1.0,0,0,0,0.0,0.054555602065020234,0.0,0.13013698630136986,0.013356164383561644,0.05482403638975341,0.4244411056303671,0.13504326638721936,0.012983753243944636,0.04845890410958904,0.006720806496779613,0.0516347687400319,0.044318356080355774,0.0,0.13013698630136986,0.013356164383561644,0.05482403638975341,0.4244411056303671,0.13504326638721936,0.012983753243944636,0.04845890410958904,0.006720806496779613,0.0516347687400319,0.5787488364833313,0.01885862601439027,0.578747794945481
1.0,0.0,0,1.0,0.0,1.0,0.021232876712328767,1.0,0.021232876712328767,0.7795275590551181,0.021232876712328767,0.0,0.00671221795776466,0.9999827891847237,1.0,0,0,0,1.0,0,0,0,0.0,0.06641551555741593,0.0,0.13013698630136986,0.021232876712328767,0.049796504668422316,0.4860545192850854,0.1841903906636576,0.010625432525951557,0.021232876712328767,0.008961075329039486,0.018341307814992026,0.052139242447477384,0.0,0.13013698630136986,0.021232876712328767,0.049796504668422316,0.4860545192850854,0.1841903906636576,0.010625432525951557,0.021232876712328767,0.008961075329039486,0.018341307814992026,0.5886673290950778,0.035130488112056615,0.5886662887839439
1.0,0.0,0,1.0,0.0,1.0,0.0,1.0,0.0,0.7795275590551181,0.0,0.0,0.00671221795776466,0.9999827891847237,1.0,0,0,0,1.0,0,0,0,0.0,0.07395004883493791,0.0,0.13013698630136986,0.013356164383561644,0.04149708722368523,0.5386580459178167,0.2336591836016843,0.00966671472510573,0.021232876712328767,0.0022402688322598714,0.023125996810207338,0.055206256709093696,0.0,0.13013698630136986,0.013356164383561644,0.04149708722368523,0.5386580459178167,0.23365918360168436,0.00966671472510573,0.021232876712328767,0.0022402688322598714,0.023125996810207338,0.5886933018296431,0.00010294488068250275,0.5886953535143147
1.0,0.0,0,1.0,1.0,0.0,0.0,0.0023532981768165182,0.0,1.0,0.0,0.0,0.9999827891847237,0.00671221795776466,1.0,0,0,0,1.0,0,0,0,0.0,0.08148458211245989,0.0,0.13013698630136986,0.005479452054794521,0.03556893190601589,0.5857069816901348,0.2842905477707649,0.008783013205282115,0.021232876712328767,0.0,0.024720893141945772,0.058273270970710014,0.0,0.13013698630136986,0.005479452054794521,0.0355689319060159,0.5857069816901348,0.2842905477707649,0.008783013205282115,0.021232876712328767,0.0,0.024720893141945772,0.5930767573461406,0.015529782830107933,0.5930799226902903
1.0,0.0,0,1.0,1.0,0.0,0.0,0.0023532981768165182,0.0,1.0,0.0,0.0,0.9999827891847237,0.00671221795776466,1.0,0,0,0,1.0,0,0,0,0.0,0.08901911538998186,0.0,0.13013698630136986,0.0027397260273972603,0.031122815417763947,0.628388013253225,0.3356723566546481,0.008011461937716263,0.021232876712328767,0.0,0.024720893141945772,0.06134028523232633,0.0,0.13013698630136986,0.0027397260273972603,0.031122815417763947,0.628388013253225,0.3356723566546481,0.008011461937716263,0.021232876712328767,0.0,0.024720893141945772,0.5930767573461406,0.0,0.5930799226902903
1.0,0.0,0,1.0,0.0,1.0,0.0027397260273972603,1.0,0.0027397260273972603,0.7795275590551181,0.0027397260273972603,0.0,0.00671221795776466,1.0,1.0,0,0,0,1.0,0,0,0,0.0,0.09711176224361658,0.0,0.13013698630136986,0.0027397260273972603,0.0280903359668023,0.6689192650641775,0.38875730718365237,0.007294790465205688,0.021232876712328767,0.0,0.024720893141945772,0.0650207023462659,0.0,0.13013698630136986,0.0027397260273972603,0.0280903359668023,0.6689192650641775,0.3887573071836517,0.007294790465205688,0.021232876712328767,0.0,0.024720893141945772,0.594446262535864,0.00483578101214522,0.5944452229394667
1.0,0.0,0,1.0,1.0,0.0,0.0,0.0023532981768165182,0.0,1.0,0.0,0.0,1.0,0.00671221795776466,1.0,0,0,0,1.0,0,0,0,0.0,0.10464629552113855,0.0,0.13013698630136986,0.0013698630136986301,0.0252813023701221,0.705158578976723,0.440911777709841,0.006732785467128027,0.017294520547945204,0.0,0.020135566188197767,0.06808771660788222,0.0,0.13013698630136986,0.0013698630136986301,0.025281302370122095,0.705158578976723,0.44091177770984163,0.006732785467128027,0.017294520547945204,0.0,0.020135566188197767,0.603711107994383,0.03282101827819201,0.603711677380009
1.0,0.0,0,1.0,1.0,0.0,0.12534246575342467,0.0023532981768165182,0.12534246575342467,1.0,0.12534246575342467,0.0,1.0,0.00671221795776466,1.0,0,0,0,1.0,0,0,0,0.0,0.13771452490581834,0.0,0.13013698630136986,0.0027397260273972603,0.03891440137549791,0.5212380655874179,0.21183828063618346,0.010503803368697988,0.021232876712328767,0.0,0.024720893141945772,0.09921791136328784,0.0,0.13013698630136986,0.0027397260273972603,0.03891440137549782,0.5212380655874179,0.21183828063618357,0.010503803368697988,0.021232876712328767,0.0,0.024720893141945772,0.603711107994383,0.0,0.603711677380009
1.0,0.0,0,1.0,0.0,1.0,0.0,1.0,0.0,0.7874015748031497,0.0,0.0,0.00671221795776466,1.0,1.0,0,0,0,1.0,0,0,0,0.0,0.1452490581833403,0.0,0.13013698630136986,0.0013698630136986301,0.03567153459420637,0.5487316979440445,0.23840912487842825,0.009901284962514424,0.021232876712328767,0.0,0.024720893141945772,0.10228492562490415,0.0,0.13013698630136986,0.0013698630136986301,0.03567153459420637,0.5487316979440445,0.23840912487842825,0.009901284962514424,0.021232876712328767,0.0,0.024720893141945772,0.6189882704657109,0.054119656996418804,0.6189914390145874
1.0,0.0,0,1.0,0.0,1.0,0.0684931506849315,1.0,0.0684931506849315,0.7874015748031497,0.0684931506849315,0.0,0.00671221795776466,1.0,1.0,0,0,0,1.0,0,0,0,0.0,0.16673643086368076,0.0,0.13013698630136986,0.0027397260273972603,0.040293917239093216,0.49862730254463083,0.20414915806285575,0.009744297823549892,0.021232876712328767,0.0,0.024720893141945772,0.12068701119460205,0.0,0.13013698630136986,0.0027397260273972603,0.04029391723909322,0.49862730254463083,0.20414915806285575,0.009744297823549892,0.021232876712328767,0.0,0.024720893141945772,0.6190194377471894,0.00010294488068250275,0.6190205037449582
1.0,0.0,0,1.0,0.0,1.0,1.0,1.0,1.0,0.7874015748031497,1.0,0.0,0.00671221795776466,1.0,1.0,0,0,0,1.0,0,0,0,0.0,0.37798241942235244,0.0,1.0,0.00410958904109589,0.13728239679879628,0.8485766639001412,0.6751394212390112,0.29743469078807955,0.056678082191780825,0.0,0.06598883572567783,0.3476460665542095,0.0,1.0,0.00410958904109589,0.13728239679879628,0.8485766639001412,0.6751394212390112,0.29743469078807955,0.056678082191780825,0.0,0.06598883572567783,0.619221777717422,0.0007184238481671381,0.6192233384590329
1.0,0.0,0,1.0,0.0,1.0,1.0,1.0,1.0,0.7874015748031497,1.0,0.0,0.00671221795776466,1.0,1.0,0,0,0,1.0,0,0,0,0.0,0.5892284079810242,0.0,1.0,0.005479452054794521,0.22133907908387165,0.6296751414525682,0.3256017721869765,0.5108782775855449,0.09691780821917809,0.0,0.11283891547049442,0.5746051219138169,0.0,1.0,0.005479452054794521,0.22133907908387168,0.6296751414525682,0.3256017721869765,0.5108782775855449,0.09691780821917809,0.0,0.11283891547049442,0.6192529449989005,0.00011214421044561998,0.6192550004631808
1.0,0.0,0,1.0,0.0,1.0,0.7924657534246575,1.0,0.7924657534246575,0.7874015748031497,0.7924657534246575,0.0,0.00671221795776466,1.0,1.0,0,0,0,1.0,0,0,0,0.0,0.7581972931491558,0.0,1.0,0.013356164383561644,0.2767536509456548,0.5306604837764866,0.22103574335370257,0.5875735294117647,0.12654109589041096,0.0,0.14732854864433811,0.7550989112099371,0.0,1.0,0.013356164383561644,0.2767536509456548,0.5306604837764866,0.22103574335370257,0.5875735294117647,0.12654109589041096,0.0,0.14732854864433811,0.6193981449530895,0.0005199811632770516,0.6194018082714744
1.0,0.0,0,1.0,0.0,1.0,0.23150684931506849,1.0,0.23150684931506849,0.7874015748031497,0.23150684931506849,0.0,0.00671221795776466,1.0,1.0,0,0,0,1.0,0,0,0,0.0,0.8128924236082042,0.0,1.0,0.021232876712328767,0.2795138644397185,0.5369880080609833,0.23238216012980453,0.5532978532345156,0.13013698630136986,0.0,0.15151515151515152,0.8099984664928692,0.0,1.0,0.021232876712328767,0.2795138644397185,0.5369880080609833,0.23238216012980453,0.5532978532345156,0.13013698630136986,0.0,0.15151515151515152,0.6194293122345679,0.000109953893835354,0.6194328518771067
1.0,0.0,0,1.0,0.0,1.0,0.0061643835616438354,1.0,0.0061643835616438354,0.7874015748031497,0.0061643835616438354,0.0,0.00671221795776466,1.0,1.0,0,0,0,1.0,0,0,0,0.0,0.8216827124319799,0.0,1.0,0.0136986301369863,0.2644641289601791,0.55521120050786,0.2506925531156903,0.5316393334294507,0.12893835616438357,0.0,0.15011961722488038,0.8144456371722129,0.0,1.0,0.0136986301369863,0.2644641289601791,0.55521120050786,0.2506925531156903,0.5316393334294507,0.12893835616438357,0.0,0.15011961722488038,0.6194499667425318,6.264305505360796e-05,0.6194505380747355
1.0,0.0,0,1.0,1.0,0.0,0.0,0.0023532981768165182,0.0,1.0,0.0,0.0,1.0,0.00671221795776466,1.0,0,0,0,1.0,0,0,0,0.0,0.8292172457095018,0.0,1.0,0.0061643835616438354,0.25054496427806366,0.5725095005988704,0.2690302799311159,0.5118824463955364,0.12773972602739725,0.0,0.14872408293460926,0.8175126514338291,0.0,1.0,0.0061643835616438354,0.25054496427806366,0.5725095005988704,0.2690302799311159,0.5118824463955364,0.12773972602739725,0.0,0.14872408293460926,0.6210373955432271,0.00563349432160402,0.621041059064353
1.0,0.0,0,1.0,1.0,0.0,0.0,0.0023532981768165182,0.0,1.0,0.0,0.0,1.0,0.00671221795776466,1.0,0,0,0,1.0,0,0,0,0.0,0.8367517789870239,0.0,1.0,0.0058219178082191785,0.2380177160641609,0.5891276110075334,0.28747455195147265,0.49331995566608994,0.12654109589041096,0.0,0.14732854864433811,0.8205796656954455,0.0,1.0,0.0058219178082191785,0.2380177160641609,0.5891276110075334,0.28747455195147265,0.49331995566608994,0.12654109589041096,0.0,0.14732854864433811,0.6215405245156641,0.0017767848342477228,0.6215427039425745
1.0,0.0,0,1.0,1.0,0.0,0.0,0.0023532981768165182,0.0,1.0,0.0,0.0,1.0,0.00671221795776466,1.0,0,0,0,1.0,0,0,0,0.0,0.0,0.0,0.0,0.0,0.0,0.20350601676617555,0.0,0.0,0.0,0.0,0.0,0.0,0.0,0.0,0.0,0.0,0.20350601676617555,0.0,0.0,0.0,0.0,0.0,0.6219192317215644,0.0013299602457534441,0.6219181955230157
1.0,0.0,0,1.0,1.0,0.0,0.05136986301369863,0.0023532981768165182,0.05136986301369863,1.0,0.05136986301369863,0.0,1.0,0.00671221795776466,1.0,0,0,0,1.0,0,0,0,0.0,0.01799916282963583,0.0,0.05136986301369863,0.025684931506849314,0.035910940866650705,0.20350601676617555,0.05942263476276319,0.0030411980968858133,0.038527397260273974,0.02100252030243629,0.029904306220095694,0.014568317742677504,0.0,0.05136986301369863,0.025684931506849314,0.035910940866650705,0.20350601676617555,0.05942263476276319,0.0030411980968858133,0.038527397260273974,0.02100252030243629,0.029904306220095694,0.9042490404311375,1.0,0.9042511311436492
1.0,0.0,0,1.0,1.0,0.0,0.05136986301369863,0.0023532981768165182,0.05136986301369863,1.0,0.05136986301369863,0.0,1.0,0.00671221795776466,1.0,0,0,0,1.0,0,0,0,0.0,0.03599832565927166,0.0,0.05136986301369863,0.05136986301369863,0.04788125448886761,0.0591840237550879,0.08913395214414478,0.0027032871972318337,0.05136986301369863,0.04200504060487258,0.029904306220095694,0.029136635485355007,0.0,0.05136986301369863,0.05136986301369863,0.04788125448886761,0.0591840237550879,0.08913395214414478,0.0027032871972318337,0.05136986301369863,0.04200504060487258,0.029904306220095694,0.9049390494127565,0.002449212033599392,0.9049426243670543
1.0,0.0,0,1.0,0.0,1.0,0.0,1.0,0.0,0.7874015748031497,0.0,0.0,0.00671221795776466,1.0,1.0,0,0,0,1.0,0,0,0,0.0,0.043532858936793636,0.0,0.05136986301369863,0.025684931506849314,0.035910940866650705,0.20350601676617555,0.05942263476276319,0.0030411980968858133,0.05136986301369863,0.0,0.05980861244019139,0.032203649746971326,0.0,0.05136986301369863,0.025684931506849314,0.035910940866650705,0.20350601676617555,0.05942263476276319,0.0030411980968858133,0.05136986301369863,0.0,0.05980861244019139,0.9194484083784579,0.0513896463733833,0.919451614088156
1.0,0.0,0,1.0,0.0,1.0,0.0,1.0,0.0,0.7874015748031497,0.0,0.0,0.00671221795776466,1.0,1.0,0,0,0,1.0,0,0,0,0.0,0.05106739221431561,0.0,0.05136986301369863,0.0,0.028728752693320564,0.28683035828111025,0.06932640722322392,0.0029195501730103807,0.05136986301369863,0.0,0.05980861244019139,0.03527066400858764,0.0,0.05136986301369863,0.0,0.028728752693320564,0.28683035828111025,0.06932640722322392,0.0029195501730103807,0.05136986301369863,0.0,0.05980861244019139,0.9200606228360693,0.0021570237977897996,0.9200606129491917
1.0,0.0,0,1.0,1.0,0.0,0.03493150684931507,0.0023532981768165182,0.03493150684931507,1.0,0.03493150684931507,0.0,1.0,0.00671221795776466,1.0,0,0,0,1.0,0,0,0,0.0,0.06571787358727502,0.0,0.05136986301369863,0.017465753424657535,0.032080440507541295,0.23307966371996638,0.06900330002960645,0.0025654195501730102,0.04726027397260274,0.0,0.05502392344497608,0.046158564637325566,0.0,0.05136986301369863,0.017465753424657535,0.032080440507541295,0.23307966371996638,0.06900330002960645,0.0025654195501730102,0.04726027397260274,0.0,0.05502392344497608,0.9210410317260663,0.003470775700627382,0.9210405272416299
1.0,0.0,0,1.0,0.0,1.0,0.0,1.0,0.0,0.7874015748031497,0.0,0.0,0.00671221795776466,1.0,1.0,0,0,0,1.0,0,0,0,0.0,0.07325240686479699,0.0,0.05136986301369863,0.0,0.027497520435035377,0.28878633280391836,0.07739283770087903,0.0024961160934962156,0.04315068493150685,0.0,0.050239234449760764,0.04922557889894188,0.0,0.05136986301369863,0.0,0.027497520435035384,0.28878633280391836,0.07739283770087903,0.0024961160934962156,0.04315068493150685,0.0,0.050239234449760764,0.9361677996962922,0.0535852197435139,0.9361693996376926
1.0,0.0,0,1.0,0.0,1.0,0.08150684931506849,1.0,0.08150684931506849,0.7874015748031497,0.08150684931506849,0.0,0.00671221795776466,1.0,1.0,0,0,0,1.0,0,0,0,0.0,0.09739081903167295,0.0,0.08150684931506849,0.017465753424657535,0.03830500359109409,0.3032344196622672,0.10724805971616694,0.004112240484429066,0.05136986301369863,0.0,0.05980861244019139,0.07054132801717528,0.0,0.08150684931506849,0.017465753424657535,0.03830500359109409,0.3032344196622672,0.10724805971616694,0.004112240484429066,0.05136986301369863,0.0,0.05980861244019139,0.9361988432980821,0.00010644938725892837,0.9361994538056915
1.0,0.0,0,1.0,0.0,1.0,0.03493150684931507,1.0,0.03493150684931507,0.7874015748031497,0.03493150684931507,0.0,0.00671221795776466,1.0,1.0,0,0,0,1.0,0,0,0,0.0,0.11204130040463234,0.0,0.08150684931506849,0.03493150684931507,0.0394754342563775,0.2904572973398521,0.11568648470147988,0.003681169635610229,0.05136986301369863,0.0,0.05980861244019139,0.0814292286459132,0.0,0.08150684931506849,0.03493150684931507,0.0394754342563775,0.2904572973398521,0.11568648470147988,0.003681169635610229,0.05136986301369863,0.0,0.05980861244019139,0.9362144269388214,6.264305505360796e-05,0.9362171400033202
1.0,0.0,0,1.0,1.0,0.0,0.0,0.0023532981768165182,0.0,1.0,0.0,0.0,1.0,0.00671221795776466,1.0,0,0,0,1.0,0,0,0,0.0,0.11957583368215431,0.0,0.08150684931506849,0.017465753424657535,0.03552789083073976,0.32399535881963965,0.12279862794659567,0.003643793252595156,0.04726027397260274,0.0,0.05502392344497608,0.08449624290752952,0.0,0.08150684931506849,0.017465753424657535,0.03552789083073977,0.32399535881963965,0.12279862794659567,0.003643793252595156,0.04726027397260274,0.0,0.05502392344497608,0.9377862720987775,0.005554204860312542,0.9377852749665714
1.0,0.0,0,1.0,1.0,0.0,0.13082191780821917,0.0023532981768165182,0.13082191780821917,1.0,0.13082191780821917,0.0,1.0,0.00671221795776466,1.0,0,0,0,1.0,0,0,0,0.0,0.15376029021905957,0.0,0.13082191780821917,0.03493150684931507,0.04892593640498826,0.42068241966275327,0.19486271576805628,0.007545790557350801,0.05136986301369863,0.0,0.05980861244019139,0.11685324336758166,0.0,0.13082191780821917,0.03493150684931507,0.04892593640498836,0.42068241966275327,0.19486271576805628,0.007545790557350801,0.05136986301369863,0.0,0.05980861244019139,0.9395863062838434,0.006381268412348896,0.939586917210417
1.0,0.0,0,1.0,1.0,0.0,1.0,0.0023532981768165182,1.0,1.0,1.0,0.0,1.0,0.00671221795776466,1.0,0,0,0,1.0,0,0,0,0.0,0.3650062787777313,0.0,1.0,0.03493150684931507,0.16135982762748385,0.796826821344831,0.5756233391789681,0.3348448313148789,0.0589041095890411,0.0,0.0685805422647528,0.3438122987271891,0.0,1.0,0.03493150684931507,0.16135982762748385,0.796826821344831,0.5756233391789681,0.3348448313148789,0.0589041095890411,0.0,0.0685805422647528,0.9430515637936122,0.012271905903998298,0.9430516804299525
1.0,0.0,0,1.0,0.0,1.0,0.0,1.0,0.0,0.7874015748031497,0.0,0.0,0.00671221795776466,1.0,1.0,0,0,0,1.0,0,0,0,0.0,0.37254081205525325,0.0,1.0,0.03493150684931507,0.1489475331946009,0.8277074895545751,0.630875756997057,0.31344743657992213,0.05136986301369863,0.0,0.05980861244019139,0.3468793129888054,0.0,1.0,0.03493150684931507,0.1489475331946009,0.8277074895545751,0.630875756997057,0.31344743657992213,0.05136986301369863,0.0,0.05980861244019139,0.9584584662580784,0.05458093767454074,0.958461676792528
1.0,0.0,0,1.0,1.0,0.0,0.023972602739726026,0.0023532981768165182,0.023972602739726026,1.0,0.023972602739726026,0.0,1.0,0.00671221795776466,1.0,0,0,0,1.0,0,0,0,0.0,0.38495883912376166,0.0,1.0,0.02945205479452055,0.1407024864051434,0.8581849852884088,0.6874618669997514,0.293142444477792,0.05136986301369863,0.0,0.05980861244019139,0.35531360220825026,0.0,1.0,0.02945205479452055,0.1407024864051434,0.8581849852884088,0.6874618669997514,0.293142444477792,0.05136986301369863,0.0,0.05980861244019139,0.9635162234357674,0.017915913745331892,0.963519929314576
1.0,0.0,0,1.0,0.0,1.0,0.13013698630136986,1.0,0.13013698630136986,0.7874015748031497,0.13013698630136986,0.0,0.00671221795776466,1.0,1.0,0,0,0,1.0,0,0,0,0.0,0.41900376726663874,0.0,1.0,0.03493150684931507,0.14345223844864738,0.8753198994598677,0.7288884968991607,0.27384925028834994,0.06643835616438357,0.0,0.0773524720893142,0.3875172519552216,0.0,1.0,0.03493150684931507,0.14345223844864738,0.8753198994598677,0.7288884968991607,0.27384925028834994,0.06643835616438357,0.0,0.0773524720893142,0.9795041730763665,0.05661311342554564,0.9795036758226339
1.0,0.0,0,1.0,1.0,0.0,0.021232876712328767,0.0023532981768165182,0.021232876712328767,1.0,0.021232876712328767,0.0,1.0,0.00671221795776466,1.0,0,0,0,1.0,0,0,0,0.0,0.4308636807590345,0.0,1.0,0.02945205479452055,0.13634187215705051,0.9027990064872488,0.7841375535851834,0.25852207909818337,0.0589041095890411,0.0,0.0685805422647528,0.3953381383223432,0.0,1.0,0.02945205479452055,0.13634187215705051,0.9027990064872488,0.7841375535851834,0.25852207909818337,0.0589041095890411,0.0,0.0685805422647528,0.9818852544375654,0.008435347329456317,0.9818852521971391
1.0,0.0,0,1.0,1.0,0.0,0.0,0.0023532981768165182,0.0,1.0,0.0,0.0,1.0,0.00671221795776466,1.0,0,0,0,1.0,0,0,0,0.0,0.43839821403655643,0.0,1.0,0.023972602739726026,0.12832176203016518,0.9279799011036262,0.837623364378958,0.2457419092204347,0.05136986301369863,0.0,0.05980861244019139,0.39840515258395953,0.0,1.0,0.023972602739726026,0.12832176203016518,0.9279799011036262,0.837623364378958,0.2457419092204347,0.05136986301369863,0.0,0.05980861244019139,0.9818852544375654,0.0,0.9818852521971391
1.0,0.0,0,1.0,0.0,1.0,0.021232876712328767,1.0,0.021232876712328767,0.7795275590551181,0.021232876712328767,0.0,0.00671221795776466,1.0,1.0,0,0,0,1.0,0,0,0,0.0,0.45025812752895217,0.0,1.0,0.022602739726027398,0.12284201846088388,0.9535399701438717,0.8929074384755059,0.23329339810543034,0.05136986301369863,0.0,0.05980861244019139,0.4062260389510811,0.0,1.0,0.022602739726027398,0.12284201846088388,0.9535399701438717,0.8929074384755059,0.23329339810543034,0.05136986301369863,0.0,0.05980861244019139,0.997105400572538,0.053921214311528715,0.9971089869259416
1.0,0.0,0,1.0,0.0,1.0,0.0,1.0,0.0,0.7795275590551181,0.0,0.0,0.00671221795776466,1.0,1.0,0,0,0,1.0,0,0,0,0.0,0.4577926608064741,0.0,1.0,0.021232876712328767,0.1163766490682059,0.9771010198391433,0.9464324705723949,0.2227891933211289,0.05136986301369863,0.0,0.05980861244019139,0.40929305321269743,0.0,1.0,0.021232876712328767,0.1163766490682059,0.9771010198391433,0.9464324705723949,0.2227891933211289,0.05136986301369863,0.0,0.05980861244019139,0.997136444174328,0.00010294488068250275,0.9971380516563124
1.0,0.0,0,1.0,1.0,0.0,0.0,0.0023532981768165182,0.0,1.0,0.0,0.0,1.0,0.00671221795776466,1.0,0,0,0,1.0,0,0,0,0.0,0.4653271940839961,0.0,1.0,0.021232876712328767,0.1105578166147953,1.0,1.0,0.21316684147923876,0.05136986301369863,0.0,0.05980861244019139,0.41236006747431375,0.0,1.0,0.021232876712328767,0.1105578166147953,1.0,1.0,0.21316684147923876,0.05136986301369863,0.0,0.05980861244019139,1.0,0.010136785272311015,1.0
1.0,0.0,0,1.0,1.0,0.0,0.0,0.0023532981768165182,0.0,1.0,0.0,0.0,1.0,0.00671221795776466,1.0,0,0,0,1.0,0,0,0,0.0,0.0,0.0,0.0,0.0,0.0,0.20350601676617555,0.0,0.0,0.0,0.0,0.0,0.0,0.0,0.0,0.0,0.0,0.20350601676617555,0.0,0.0,0.0,0.0,0.0,1.0,0.0,1.0
